<?xml version="1.0" encoding="UTF-8"?>
<project-private xmlns="http://www.netbeans.org/ns/project-private/1">
    <editor-bookmarks xmlns="http://www.netbeans.org/ns/editor-bookmarks/2" lastBookmarkId="0"/>
    <open-files xmlns="http://www.netbeans.org/ns/projectui-open-files/2">
        <group>
            <file>file:/C:/xampp/htdocs/Scrum/sigup.php</file>
            <file>file:/C:/xampp/htdocs/Scrum/index.php</file>
            <file>file:/C:/xampp/htdocs/Scrum/libs/register.php</file>
            <file>file:/C:/xampp/htdocs/Scrum/classes/ConnectDB.php</file>
            <file>file:/C:/xampp/htdocs/Scrum/classes/ManageUsers.php</file>
            <file>file:/C:/xampp/htdocs/Scrum/classes/ManageSession.php</file>
            <file>file:/C:/xampp/htdocs/Scrum/libs/auth.php</file>
        </group>
    </open-files>
</project-private>
